{
  "url": {
    "member": "/system/user_manage",
    "member_approve": "/system/user_approve",
    "roles": "/system/role_manage",
    "tab": "/system/trace_tab",
    "user_manufacture": "/system/user_manufacture",
    "role_manufacture": "/system/role_manufacture",
    "brand": "/brand",
    "corporation": "/corp_manage",
    "production": "/corp_info/production_manage",
    "dealers": "/corp_info/dealer_manage",
    "manufacture": "/corp_info/manufacture_manage",
    "base": "/corp_info/base_manage",
    "serials": "/work_manage/serials_manage",
    "sub_serials": "/work_manage/serials_manage/subserials",
    "patrol": "/work_manage/serials_manage/patrol",
    "report": "/work_manage/serials_manage/report",
    "serial_manufacture": "/work_manage/serials_manage/serial_manufacture",
    "package": "/work_manage/production_package",
    "sales": "/work_manage/production_sales",
    "transmit": "/work_manage/production_transmit",
    "qrcode": "/qrcode/apply",
    "qrcode_approve": "/qrcode/approve",
    "corporation_introduction": "/corp_propaganda/introduction",
    "advertisement": "/corp_propaganda/advertisement",
    "displaymenu": "/corp_propaganda/displaymenu",
    "displaymenu_news": "/corp_propaganda/displaymenu/displaymenu_news",
    "department": "/corp_propaganda/department",
    "businesscard": "/corp_propaganda/businesscard",
    "wap": "/wap",
    "query": "/data_query",
    "advertisement": "/corp_propaganda/advertisement"
  },
  "menu": {
    "member": "用户管理",
    "member_approve": "用户审批",
    "roles": "角色管理",
    "tab": "追溯信息管理",
    "role_manufacture": "流程角色管理",
    "user_manufacture": "流程权限管理",
    "brand": "品牌管理",
    "corporation": "企业管理",
    "production": "产品管理",
    "dealers": "经销商管理",
    "manufacture": "生产/加工类型管理",
    "base": "生产基地管理",
    "serials": "批次管理",
    "sub_serials": "子批次管理",
    "patrol": "巡检信息",
    "report": "检验检测报告",
    "serial_manufacture": "生产/加工信息管理",
    "package": "产品包装",
    "sales": "产品销售",
    "transmit": "配送管理",
    "qrcode": "二维码管理",
    "qrcode_approve": "二维码审批",
    "corporation_introduction": "企业概况管理",
    "displaymenu": "栏目管理",
    "displaymenu_news": "新闻管理",
    "department": "部门管理",
    "businesscard": "名片管理",
    "query": "数据查询",
    "advertisement": "公告管理"
  },
  "action": {
    "add": "0",
    "update": "1",
    "delete": "2",
    "index": "3",
    "view": "4",
    "download": "5",
    "approve": "6",
    "approve_refuse": "7",
    "user_disable": "8",
    "user_enable": "9",
    "user_reset": "10",
    "login":"11",
    "search":"12",
    "confirm":"13"
  },
  "action_name": {
    "add": "添加",
    "update": "修改",
    "delete": "删除",
    "index": "管理",
    "view": "详情",
    "download": "下载",
    "approve": "审批",
    "approve_refuse": "审批拒绝",
    "user_disable": "禁用",
    "user_enable": "启用",
    "user_reset": "密码重置",
    "login":"登录",
    "search":"查询",
    "confirm":"确认"
  },
  "operate_type": {
    "member": "用户",
    "member_approve": "用户审批",
    "roles": "角色",
    "tab": "追溯信息",
    "role_manufacture": "流程角色",
    "user_manufacture": "流程权限",
    "brand": "品牌",
    "corporation": "企业",
    "production": "产品",
    "dealers": "经销商",
    "manufacture": "生产/加工类型",
    "manufacture_qrcode": "生产/加工类型码",
    "base": "生产基地",
    "serials": "批次",
    "sub_serials": "子批次",
    "patrol": "巡检信息",
    "report": "检验检测报告",
    "serial_manufacture": "生产/加工信息",
    "package": "包装",
    "sales": "销售",
    "transmit": "配送",
    "transmit_records": "物流",
    "qrcode": "二维码",
    "sold_record": "销售记录",
    "corporation_introduction": "企业概况",
    "advertisement": "公告管理",
    "displaymenu": "栏目管理",
    "displaymenu_news": "新闻",
    "department": "部门",
    "businesscard": "名片",
    "query": "数据查询"
  },
  "content":{
    "status":"状态",
    "username":"用户名",
    "usertype":"用户类型",
    "name":"名",
    "permissions":"权限",
    "client":"客户端",
    "desc":"描述",
    "images":"图片",
    "sold_count":"销售数量",
    "package_count":"包装数量",
    "transmit_qrcode":"运单二维码",
    "qrcode":"二维码",
    "scan_action":"扫描内容",
    "address":"地址",
    "title":"标题",
    "brand_name":"品牌名",
    "filename":"文件名",
    "type":"类型",
    "production_name":"产品名",
    "apply_count":"申请数量",
    "corporation_name":"企业名",
    "serial_name":"批次",
    "sub_serial_name":"子批次",
    "serial_no":"批号",
    "subserial_no":"子批次批号",
    "anti_fake":"防伪验证",
    "base_name":"生产基地名",
    "departure":"发货地址",
    "destination":"收货地址",
    "sender":"发货人",
    "location":"地址",
    "confirm_date":"确认时间"
  }
}