[
  {
    "picUrl":"/promote/01.jpg",
    "webUrl":"http://www.nb-trade.gov.cn/dtxx.jsp?aid=17776",
    "desc":"宁波市流通追溯体系推进会"
  },
  {
    "picUrl":"/promote/02.jpg",
    "webUrl":"http://www.vegnet.com.cn/tech/795043.html",
    "desc":"市民用手机扫青椒二维码"
  },
  {
    "picUrl":"/promote/03.jpg",
    "webUrl":"http://www.vegnet.com.cn/tech/795043.html",
    "desc":"市民用手机扫青菜二维码"
  },
  {
    "picUrl":"/promote/04.jpg",
    "webUrl":"http://j.news.163.com/docs/10/2014092609/A72J3KLG90013KLH.html",
    "desc":"超市里水果蔬菜都贴有二维码标签"
  },
  {
    "picUrl":"/promote/05.jpg",
    "webUrl":"http://j.news.163.com/docs/10/2014092609/A72J3KLG90013KLH.html",
    "desc":"农民伯伯正在给蔬菜贴二维码"
  }
]